standard_name,lucide_icon,source
nd-ai,sparkles,nidara-spec
nd-audio-input-microphone,mic,nidara-spec
nd-audio-speakers,speaker,nidara-spec
nd-audio-volume-high,volume-2,nidara-spec
nd-audio-volume-low,volume,nidara-spec
nd-audio-volume-medium,volume-1,nidara-spec
nd-audio-volume-muted,volume-x,nidara-spec
nd-audio-x-generic,music,nidara-spec
nd-avatar-default,user-round,nidara-spec
nd-bar,panel-top,nidara-spec
nd-battery,battery,nidara-spec
nd-bluetooth-active,bluetooth,nidara-spec
nd-bluetooth-disabled,bluetooth-off,nidara-spec
nd-clipboard,clipboard,nidara-spec
nd-contact-new,user-round-plus,nidara-spec
nd-control-center,settings-2,nidara-spec
nd-conversation-reset,rotate-ccw,nidara-spec
nd-cpu,cpu,nidara-spec
nd-dark-mode,moon,nidara-spec
nd-dialog-information,info,nidara-spec
nd-dialog-password,key,nidara-spec
nd-display-brightness,sun,nidara-spec
nd-display-brightness-low,sun-dim,nidara-spec
nd-dock,dock,nidara-spec
nd-drive-harddisk,hard-drive,nidara-spec
nd-emblem-default,check,nidara-spec
nd-hand,hand,nidara-spec
nd-input-gaming,gamepad-2,nidara-spec
nd-input-keyboard,keyboard,nidara-spec
nd-light-mode,sun,nidara-spec
nd-media-playback-pause,pause,nidara-spec
nd-media-playback-start,play,nidara-spec
nd-media-playback-stop,record-stop,nidara-spec
nd-media-record,record,nidara-spec
nd-media-skip-backward,skip-back,nidara-spec
nd-media-skip-forward,skip-forward,nidara-spec
nd-network-vpn,shield,nidara-spec
nd-network-vpn-disconnected,shield-off,nidara-spec
nd-network-wired,ethernet-port,nidara-spec
nd-network-wireless,wifi,nidara-spec
nd-network-wireless-acquiring,wifi-sync,nidara-spec
nd-network-wireless-configure,wifi-cog,nidara-spec
nd-network-wireless-disabled,wifi-off,nidara-spec
nd-network-wireless-signal-none,wifi-zero,nidara-spec
nd-network-wireless-signal-ok,wifi-high,nidara-spec
nd-network-wireless-signal-weak,wifi-low,nidara-spec
nd-night-light,sun-moon,nidara-spec
nd-notifications,bell,nidara-spec
nd-notifications-disabled,bell-off,nidara-spec
nd-pan-down,chevron-down,nidara-spec
nd-pan-end,chevron-right,nidara-spec
nd-pan-start,chevron-left,nidara-spec
nd-pan-up,chevron-up,nidara-spec
nd-power-profile-balanced,battery,nidara-spec
nd-power-profile-performance,zap,nidara-spec
nd-power-profile-power-saver,leaf,nidara-spec
nd-preferences-desktop,settings,nidara-spec
nd-preferences-desktop-accessibility,accessibility,nidara-spec
nd-preferences-desktop-peripherals,mouse-pointer,nidara-spec
nd-preferences-desktop-theme,palette,nidara-spec
nd-preferences-system,settings-2,nidara-spec
nd-preferences-system-network,globe,nidara-spec
nd-preferences-system-notifications,bell,nidara-spec
nd-preferences-system-time,clock,nidara-spec
nd-screenshot,camera,nidara-spec
nd-sidebar-show,sidebar,nidara-spec
nd-system-lock-screen,lock,nidara-spec
nd-system-log-out,log-out,nidara-spec
nd-system-reboot,rotate-ccw,nidara-spec
nd-system-search,search,nidara-spec
nd-system-shutdown,power,nidara-spec
nd-system-suspend,moon,nidara-spec
nd-user-trash,trash,nidara-spec
nd-utilities-terminal,terminal,nidara-spec
nd-value-decrease,minus,nidara-spec
nd-value-increase,plus,nidara-spec
nd-video-display,monitor,nidara-spec
nd-view-grid,grid,nidara-spec
nd-window-close,x,nidara-spec
nd-window-floating,app-window,nidara-spec
nd-window-tiling,grid,nidara-spec
nd-zoom-in,zoom-in,nidara-spec
nd-zoom-out,zoom-out,nidara-spec
accessories-calculator,calculator,study
accessories-dictionary,book-a,study
accessories-text-editor,file-pen,study
airplane-mode,plane,study
alarm,alarm-clock,study
application-certificate,file-badge,study
application-exit,log-out,study
application-rss+xml,rss,study
application-x-addon,puzzle,study
applications-games,gamepad-2,study
applications-graphics,palette,study
applications-utilities,wrench,study
appointment-missed,calendar-x,study
appointment-new,calendar-plus,study
appointment-soon,calendar-clock,study
audio-headphones,headphones,study
audio-headset,headset,study
audio-input-microphone,mic,standard
audio-speakers,speaker,standard
audio-volume-high,volume-2,standard
audio-volume-low,volume,standard
audio-volume-medium,volume-1,standard
audio-volume-muted,volume-x,standard
audio-x-generic,music,standard
auth-fingerprint,fingerprint,study
avatar-default,user-round,standard
battery,battery,standard
battery-action,battery-warning,study
battery-caution,battery-warning,study
battery-full,battery-full,study
battery-level-0,battery,study
battery-level-100,battery-full,study
battery-low,battery-low,study
bluetooth,bluetooth,study
bluetooth-acquiring,bluetooth-searching,standard
bluetooth-active,bluetooth,standard
bluetooth-disabled,bluetooth-off,standard
bluetooth-paired,bluetooth-connected,standard
bookmark-new,bookmark-plus,study
call-start,phone-call,study
call-stop,phone-off,study
camera-disabled,camera-off,study
camera-photo,camera,standard
camera-switch,switch-camera,study
camera-video,video,study
camera-web,webcam,study
changes-allow,unlock,study
changes-prevent,lock,study
channel-insecure,shield-alert,study
channel-secure,shield-check,study
chat-message-new,message-square-plus,study
checkbox,square,study
checkbox-checked,check-square,study
checkbox-mixed,minus-square,study
color-select,pipette,study
contact-new,user-round-plus,standard
daytime-sunrise,sunrise,study
daytime-sunset,sunset,study
dialog-error,circle-x,study
dialog-information,info,standard
dialog-password,key,standard
dialog-question,circle-help,study
dialog-warning,triangle-alert,study
display-brightness,sun,standard
display-brightness-low,sun-dim,standard
display-projector,projector,study
document-edit,file-pen,study
document-new,file-plus,study
document-open,folder-open,study
document-open-recent,history,study
document-print,printer,study
document-save,save,study
drive-harddisk,hard-drive,standard
drive-optical,disc,study
edit-clear,eraser,study
edit-copy,copy,study
edit-cut,scissors,study
edit-delete,trash-2,study
edit-find,search,study
edit-find-replace,replace,study
edit-paste,clipboard,standard
edit-redo,redo-2,study
edit-undo,undo-2,study
emblem-default,check,standard
emblem-favorite,star,study
emblem-readonly,lock,study
emblem-shared,share-2,study
emblem-system,settings,standard
error-correct,spell-check,study
face-angry,angry,study
face-laugh,laugh,study
face-plain,meh,study
face-sad,frown,study
face-smile,smile,study
find-location,locate,study
folder,folder,study
folder-download,folder-down,study
folder-new,folder-plus,study
folder-open,folder-open,study
folder-saved-search,folder-search,study
font-select,type,study
font-x-generic,type,study
format-indent-less,indent-decrease,study
format-indent-more,indent-increase,study
format-justify-center,align-center,study
format-justify-fill,align-justify,study
format-justify-left,align-left,study
format-justify-right,align-right,study
format-text-bold,bold,study
format-text-italic,italic,study
format-text-plaintext,file-text,study
format-text-strikethrough,strikethrough,study
format-text-underline,underline,study
go-bottom,arrow-down-to-line,study
go-down,arrow-down,study
go-first,arrow-left-to-line,study
go-home,home,study
go-last,arrow-right-to-line,study
go-next,arrow-right,study
go-previous,arrow-left,study
go-top,arrow-up-to-line,study
go-up,arrow-up,study
help-about,info,study
help-browser,circle-help,study
image-x-generic,image,study
input-gaming,gamepad-2,standard
input-keyboard,keyboard,standard
input-mouse,mouse,study
input-tablet,tablet,study
input-touchpad,touchpad,study
insert-image,image-plus,study
insert-link,link,study
insert-text,type,study
list-add,plus,study
list-drag-handle,grip-vertical,study
list-remove,minus,study
location-services-active,locate,study
location-services-disabled,locate-off,study
mail-attachment,paperclip,study
mail-forward,forward,study
mail-message-new,mail-plus,study
mail-read,mail-open,study
mail-replied,reply,study
mail-reply-all,reply-all,study
mail-reply-sender,reply,study
mail-send,send,study
mail-unread,mail,study
mark-location,map-pin,study
media-eject,eject,study
media-optical,disc,study
media-optical-cd,disc,study
media-optical-cd-audio,disc,study
media-playback-pause,pause,standard
media-playback-start,play,standard
media-playback-stop,record-stop,standard
media-playlist-repeat,repeat,study
media-playlist-repeat-song,repeat-1,study
media-playlist-shuffle,shuffle,study
media-record,record,standard
media-seek-backward,rewind,study
media-seek-forward,fast-forward,study
media-skip-backward,skip-back,standard
media-skip-forward,skip-forward,standard
media-view-subtitles,subtitles,study
microphone-disabled,mic-off,study
microphone-sensitivity-muted,mic-off,study
network-cellular-signal-excellent,signal,study
network-cellular-signal-good,signal-high,study
network-cellular-signal-none,signal-zero,study
network-cellular-signal-ok,signal-medium,study
network-cellular-signal-weak,signal-low,study
network-server,server,study
network-transmit-receive,arrow-down-up,study
network-vpn,shield,standard
network-vpn-disabled,shield-off,study
network-vpn-disconnected,shield-off,standard
network-wired,ethernet-port,standard
network-wireless,wifi,standard
network-wireless-acquiring,wifi-sync,standard
network-wireless-connected,wifi,study
network-wireless-disabled,wifi-off,standard
network-wireless-signal-none,wifi-zero,standard
network-wireless-signal-ok,wifi-high,standard
network-wireless-signal-weak,wifi-low,standard
night-light,sun-moon,standard
non-starred,star-off,study
notifications,bell,standard
notifications-disabled,bell-off,standard
object-flip-horizontal,flip-horizontal,study
object-flip-vertical,flip-vertical,study
object-rotate-left,rotate-ccw,study
object-rotate-right,rotate-cw,study
object-select,mouse-pointer,study
open-menu,menu,standard
org.gnome.tweaks,settings-2,standard
package-x-generic,package,study
pan-down,chevron-down,standard
pan-end,chevron-right,standard
pan-start,chevron-left,standard
pan-up,chevron-up,standard
phone,phone,study
power-profile-performance,zap,standard
power-profile-power-saver,leaf,standard
preferences-desktop,settings,standard
preferences-desktop-accessibility,accessibility,standard
preferences-desktop-display,monitor,study
preferences-desktop-font,type,standard
preferences-desktop-keyboard,keyboard,study
preferences-desktop-locale,languages,study
preferences-desktop-peripherals,mouse-pointer,standard
preferences-desktop-remote-desktop,screen-share,study
preferences-desktop-theme,palette,standard
preferences-desktop-wallpaper,image,study
preferences-system,settings-2,standard
preferences-system-network,globe,standard
preferences-system-notifications,bell,standard
preferences-system-time,clock,standard
printer,printer,study
process-stop,circle-stop,study
radio-checked,circle-dot,study
screen-shared,screen-share,study
security-high,shield-check,study
semi-starred,star-half,study
sidebar-show,sidebar,standard
sidebar-show-right,panel-right,study
starred,star,study
system-file-manager,folder,study
system-help,circle-help,study
system-lock-screen,lock,standard
system-log-out,log-out,standard
system-reboot,rotate-ccw,standard
system-search,search,standard
system-shutdown,power,standard
system-suspend,moon,standard
system-users,user,standard
tablet,tablet,study
text-x-generic,file-text,study
tools-check-spelling,spell-check,study
tv,tv,study
user-bookmarks,bookmark,study
user-home,home,study
user-trash,trash,standard
utilities-terminal,terminal,standard
value-decrease,minus,standard
value-increase,plus,standard
video-display,monitor,standard
video-x-generic,video,study
view-app-grid,grip,study
view-conceal,eye-off,study
view-fullscreen,maximize,study
view-grid,grid,standard
view-list,list,study
view-list-bullet,list,study
view-list-ordered,list-ordered,study
view-more,more-vertical,study
view-more-horizontal,more-horizontal,study
view-pin,pin,study
view-refresh,refresh-cw,study
view-restore,minimize,study
view-reveal,eye,study
view-sort-ascending,list-sort-ascending,study
view-sort-descending,list-sort-descending,study
weather-clear,sun,study
weather-clear-night,moon,study
weather-few-clouds,cloud-sun,study
weather-few-clouds-night,cloud-moon,study
weather-fog,cloud-fog,study
weather-overcast,cloudy,study
weather-severe-alert,cloud-alert,study
weather-showers,cloud-rain,study
weather-showers-scattered,cloud-drizzle,study
weather-snow,cloud-snow,study
weather-storm,cloud-lightning,study
weather-tornado,tornado,study
weather-windy,wind,study
window-close,x,standard
window-minimize,minus,study
x-office-address-book,contact,study
x-office-calendar,calendar,study
x-office-document,file-text,study
x-office-presentation,presentation,study
x-office-spreadsheet,file-spreadsheet,study
zoom-in,zoom-in,standard
zoom-out,zoom-out,standard
